{"path":"vanilla/api/item/ItemGroup.md","ownerModId":"crafttweaker","zenCodeName":"crafttweaker.api.item.ItemGroup","shortDescription":"An ItemGroup is a group of Items that is shown in the Creative mode inventory.","searchTerms":["searchBarWidth","relevantEnchantmentTypes","slotColor","getLabelColor","getSearchbarWidth","commandString","fill","labelColor","hasSearchBar","path","getGroupName","getItems","hasRelevantEnchantmentType","groupName","searchBar","getPath","page","getSlotColor","items","getRelevantEnchantmentTypes","getTabPage"]}
